,Labels,Images
0,Cleavers,615d2b0a9.png
1,Small-flowered Cranesbill,0021e90e4.png
2,Loose Silky-bent,003d61042.png
3,Sugar beet,007b3da8b.png
4,Common Chickweed,0086a6340.png
5,Sugar beet,00c47e980.png
6,Common Chickweed,00d090cde.png
7,Common Chickweed,00ef713a8.png
8,Fat Hen,01291174f.png
9,Loose Silky-bent,026716f9b.png
10,Loose Silky-bent,02cfeb38d.png
11,Common Chickweed,03566743d.png
12,Small-flowered Cranesbill,03a2ee656.png
13,Fat Hen,03e322a29.png
14,Scentless Mayweed,03ef36742.png
15,Fat Hen,043449b0b.png
16,Black-grass,0437393b1.png
17,Common Chickweed,04814f36d.png
18,Common Chickweed,060450d79.png
19,Cleavers,060f1dc84.png
20,Common Chickweed,0625f063b.png
21,Small-flowered Cranesbill,063363305.png
22,Shepherds Purse,06d12f6fa.png
23,Fat Hen,071cb3ece.png
24,Sugar beet,0751c0bbc.png
25,Maize,07e62f903.png
26,Common Chickweed,085974290.png
27,Common Chickweed,0885e7690.png
28,Common Chickweed,089ad62a7.png
29,Sugar beet,08d591441.png
30,Common Chickweed,0911d3dee.png
31,Common Chickweed,099b961ec.png
32,Loose Silky-bent,0a64e3e6c.png
33,Maize,0ad9e7dfb.png
34,Loose Silky-bent,0ae6668fa.png
35,Fat Hen,0c27cf05f.png
36,Loose Silky-bent,0c4199daa.png
37,Common Chickweed,0c45ace27.png
38,Maize,0c51bf229.png
39,Loose Silky-bent,0c5f6c493.png
40,Loose Silky-bent,0caeda5df.png
41,Fat Hen,0d117d910.png
42,Small-flowered Cranesbill,0d31e6602.png
43,Sugar beet,0dba99002.png
44,Maize,0e8492cb1.png
45,Maize,0ebf8f2f4.png
46,Common Chickweed,0ee4ad224.png
47,Maize,0f6cbe5e8.png
48,Small-flowered Cranesbill,0fb233ad6.png
49,Loose Silky-bent,115f93ecc.png
50,Sugar beet,116b136de.png
51,Fat Hen,1191ba346.png
52,Maize,122913909.png
53,Fat Hen,12625488b.png
54,Charlock,126a71ce0.png
55,Small-flowered Cranesbill,1312065a5.png
56,Cleavers,1364b297a.png
57,Loose Silky-bent,1376f3b63.png
58,Fat Hen,13b9fa92d.png
59,Cleavers,1459e96a0.png
60,Charlock,148bbda66.png
61,Loose Silky-bent,14bb43eee.png
62,Maize,1541bdb2e.png
63,Loose Silky-bent,1623fb9e1.png
64,Black-grass,16357b436.png
65,Loose Silky-bent,16467a950.png
66,Shepherds Purse,165681fd9.png
67,Shepherds Purse,1694a70e4.png
68,Small-flowered Cranesbill,16fd2e01a.png
69,Common Chickweed,05341a8a6.png
70,Loose Silky-bent,0bf7bfb05.png
71,Loose Silky-bent,11d3f68ff.png
72,Common Chickweed,172f9b10b.png
73,Loose Silky-bent,1c680883c.png
74,Common Chickweed,219fd68d5.png
75,Fat Hen,25fa8d109.png
76,Maize,2df78338c.png
77,Loose Silky-bent,34dd57ca9.png
78,Loose Silky-bent,39c8fde99.png
79,Common Chickweed,3f826b318.png
80,Cleavers,456d507c0.png
81,Cleavers,4c5ab9b68.png
82,Loose Silky-bent,5315c2dca.png
83,Common Chickweed,589e643b8.png
84,Fat Hen,5bbc0a255.png
85,Scentless Mayweed,17529c555.png
86,Common Chickweed,1758a1baf.png
87,Common Chickweed,177d7e2a4.png
88,Loose Silky-bent,17a78fb44.png
89,Loose Silky-bent,17d5e5ac4.png
90,Common Chickweed,1821eb11a.png
91,Scentless Mayweed,187668bde.png
92,Loose Silky-bent,1926e82fd.png
93,Common Chickweed,19618ad6a.png
94,Common Chickweed,19b51843a.png
95,Common Chickweed,19e58cc5e.png
96,Fat Hen,19fdf19fb.png
97,Shepherds Purse,1b490196c.png
98,Sugar beet,1b6a6494d.png
99,Scentless Mayweed,1be0713da.png
100,Fat Hen,1bf9b94a6.png
101,Loose Silky-bent,1c52ea820.png
102,Charlock,1cfd91582.png
103,Loose Silky-bent,1d0cbd819.png
104,Common Chickweed,1d321253f.png
105,Loose Silky-bent,1d48b7564.png
106,Common Chickweed,1d56351b2.png
107,Loose Silky-bent,1dc7c45df.png
108,Loose Silky-bent,1e095a7e1.png
109,Common Chickweed,1f290e016.png
110,Maize,1f3f44563.png
111,Common Chickweed,1f5e5554e.png
112,Loose Silky-bent,1fefb54b7.png
113,Common Chickweed,205df1df3.png
114,Common Chickweed,20817c846.png
115,Sugar beet,20e562fd5.png
116,Loose Silky-bent,20ea96bcc.png
117,Fat Hen,20f983a71.png
118,Common Chickweed,2126dc71b.png
119,Sugar beet,223e4af09.png
120,Cleavers,22e79540f.png
121,Loose Silky-bent,22fbf13d6.png
122,Charlock,239bdf640.png
123,Common Chickweed,23bc8ec4f.png
124,Shepherds Purse,23e480e64.png
125,Shepherds Purse,2406d6c99.png
126,Loose Silky-bent,241e6935a.png
127,Cleavers,248436078.png
128,Charlock,24a058589.png
129,Sugar beet,24c94a6ca.png
130,Common Chickweed,24d36c52c.png
131,Fat Hen,24d78df74.png
132,Sugar beet,24dbc3b21.png
133,Cleavers,258b1183c.png
134,Loose Silky-bent,25a4c427e.png
135,Maize,25cf6eb73.png
136,Charlock,26852751a.png
137,Maize,2693e5c65.png
138,Fat Hen,26e7ae885.png
139,Common Chickweed,270b939cf.png
140,Sugar beet,279df95f2.png
141,Common Chickweed,288564c76.png
142,Common Chickweed,29bab7cad.png
143,Common Chickweed,29ce426a1.png
144,Loose Silky-bent,29f49cd0b.png
145,Loose Silky-bent,2a5064f19.png
146,Black-grass,2a667e099.png
147,Charlock,2b55a2da2.png
148,Loose Silky-bent,2bd74d2da.png
149,Common Chickweed,2d5058a59.png
150,Loose Silky-bent,2d992d1fb.png
151,Loose Silky-bent,2d9c798f9.png
152,Common Chickweed,2dd5cfba9.png
153,Fat Hen,2e86f1085.png
154,Sugar beet,2ea664465.png
155,Sugar beet,2f0004a7f.png
156,Small-flowered Cranesbill,2f246d688.png
157,Fat Hen,2ff5cb348.png
158,Charlock,30ad31220.png
159,Scentless Mayweed,3185294c8.png
160,Loose Silky-bent,31f3dd81f.png
161,Maize,31fcdc161.png
162,Fat Hen,3281183f9.png
163,Loose Silky-bent,32a8c8a1d.png
164,Small-flowered Cranesbill,32b42c120.png
165,Common Chickweed,32c86784b.png
166,Loose Silky-bent,33317fc2a.png
167,Loose Silky-bent,33448fe39.png
168,Charlock,33748968f.png
169,Common Chickweed,338c7e907.png
170,Common Chickweed,3526b05cc.png
171,Common Chickweed,35a90f8d0.png
172,Common Chickweed,35cf9fa01.png
173,Loose Silky-bent,35ebe165c.png
174,Fat Hen,36839d5e9.png
175,Loose Silky-bent,36d62bf36.png
176,Common Chickweed,36ed4f215.png
177,Common Chickweed,37297a64c.png
178,Common Chickweed,37714071b.png
179,Maize,377283a21.png
180,Maize,37c3108d6.png
181,Common Chickweed,37e545a60.png
182,Common Chickweed,3827436f3.png
183,Sugar beet,38c054379.png
184,Loose Silky-bent,391dcd7fd.png
185,Scentless Mayweed,39858776a.png
186,Loose Silky-bent,39b740f7e.png
187,Loose Silky-bent,39d569be4.png
188,Small-flowered Cranesbill,3a909ead8.png
189,Loose Silky-bent,3abb502fb.png
190,Scentless Mayweed,3b73c3b61.png
191,Sugar beet,3bbef3ecb.png
192,Common Chickweed,3d38a87bc.png
193,Common Chickweed,3d65168c2.png
194,Fat Hen,3d67c434b.png
195,Loose Silky-bent,3da774107.png
196,Small-flowered Cranesbill,3dd52bd2a.png
197,Loose Silky-bent,3e9f41817.png
198,Charlock,3ebbe9ca4.png
199,Common Chickweed,3eda9cbb6.png
200,Loose Silky-bent,3edf5e9ef.png
201,Charlock,3eebd36c6.png
202,Black-grass,3efa1f66c.png
203,Loose Silky-bent,3f64c2c1b.png
204,Loose Silky-bent,3f92d8039.png
205,Common Chickweed,3fbd0fc6a.png
206,Fat Hen,3fbf1a417.png
207,Loose Silky-bent,4049a6ea6.png
208,Charlock,406162ef9.png
209,Charlock,406ecb5c5.png
210,Small-flowered Cranesbill,410e6f702.png
211,Cleavers,41e07778c.png
212,Loose Silky-bent,41f1c3cdb.png
213,Common Chickweed,4287d810c.png
214,Fat Hen,429211ee6.png
215,Common Chickweed,42e7ed442.png
216,Loose Silky-bent,4392d93cf.png
217,Charlock,43ede9de9.png
218,Loose Silky-bent,444473900.png
219,Loose Silky-bent,446f7da01.png
220,Small-flowered Cranesbill,44e8b8833.png
221,Maize,466bb6d3b.png
222,Loose Silky-bent,46c14fde2.png
223,Common Chickweed,47b7d8e17.png
224,Common Chickweed,47f9e5d91.png
225,Common Chickweed,48231e475.png
226,Loose Silky-bent,4823c3ffa.png
227,Common Chickweed,486e59179.png
228,Small-flowered Cranesbill,48d97c645.png
229,Loose Silky-bent,48ef6a2ff.png
230,Black-grass,490c4f9c8.png
231,Scentless Mayweed,4a337a4a9.png
232,Common Chickweed,4ac29bbf0.png
233,Common Chickweed,4b032563b.png
234,Maize,4b155fb07.png
235,Maize,4bbf1f6ea.png
236,Cleavers,4bbfd1e05.png
237,Fat Hen,4bcdaa5e2.png
238,Common Chickweed,4c7838de4.png
239,Loose Silky-bent,4c8005bbc.png
240,Loose Silky-bent,4e1190d78.png
241,Black-grass,4e18ab737.png
242,Loose Silky-bent,4e69d100a.png
243,Charlock,4e9d3765f.png
244,Common Chickweed,4ea7493d5.png
245,Common Chickweed,4f44ca525.png
246,Maize,4f83143e1.png
247,Small-flowered Cranesbill,502dff972.png
248,Maize,506347cfe.png
249,Small-flowered Cranesbill,50de8a115.png
250,Loose Silky-bent,521b27a17.png
251,Sugar beet,523e5505c.png
252,Small-flowered Cranesbill,5296835a0.png
253,Common Chickweed,52a87abe5.png
254,Common Chickweed,52dc7a4d6.png
255,Maize,534e74d83.png
256,Common Chickweed,539961189.png
257,Common Chickweed,53ceb4657.png
258,Loose Silky-bent,53e6e9000.png
259,Fat Hen,54b3afd58.png
260,Charlock,54c8bb900.png
261,Common Chickweed,550a8b7e6.png
262,Common Chickweed,55251925f.png
263,Loose Silky-bent,558aa7deb.png
264,Maize,55920f07f.png
265,Common Chickweed,55a852f40.png
266,Maize,55fed435f.png
267,Common Chickweed,56112b92c.png
268,Sugar beet,56a01b835.png
269,Fat Hen,5779fe8b4.png
270,Common Chickweed,5817b766d.png
271,Common Chickweed,5883b423d.png
272,Charlock,590f5aea6.png
273,Loose Silky-bent,592473c83.png
274,Loose Silky-bent,592cc5b89.png
275,Small-flowered Cranesbill,59358cd44.png
276,Common Chickweed,593896f83.png
277,Shepherds Purse,599691cd9.png
278,Fat Hen,599c82eea.png
279,Common Chickweed,59b2c6f2b.png
280,Common Chickweed,59c6a9f95.png
281,Cleavers,59e1cea8d.png
282,Loose Silky-bent,59f62ad1d.png
283,Loose Silky-bent,5a38ac566.png
284,Maize,5a6bf96f6.png
285,Black-grass,5af1d74ee.png
286,Maize,5b3000b9a.png
287,Loose Silky-bent,5b3beec58.png
288,Common Chickweed,5b63dcc21.png
289,Maize,5bc6595f6.png
290,Common Chickweed,5bd71f445.png
291,Loose Silky-bent,5bdcfa329.png
292,Cleavers,5c3cd7ea2.png
293,Charlock,5ca0205f9.png
294,Maize,5ca2687a4.png
295,Small-flowered Cranesbill,5dcad9a53.png
296,Sugar beet,5e6a237f2.png
297,Loose Silky-bent,5eb9c26a6.png
298,Loose Silky-bent,5ee9d0a5b.png
299,Small-flowered Cranesbill,5f04aed97.png
300,Black-grass,6049234e6.png
301,Common Chickweed,604dd663f.png
302,Common Chickweed,606647f64.png
303,Cleavers,60ee66ddd.png
304,Small-flowered Cranesbill,60f0bc617.png
305,Sugar beet,60fea2ef6.png
306,Charlock,618de3d7a.png
307,Loose Silky-bent,61b044411.png
308,Common wheat,61dd2cdc5.png
309,Charlock,632156793.png
310,Common Chickweed,63c07d340.png
311,Loose Silky-bent,647689543.png
312,Common Chickweed,64fe8beb9.png
313,Loose Silky-bent,653193c1a.png
314,Shepherds Purse,65489944f.png
315,Loose Silky-bent,659412b1a.png
316,Sugar beet,65d08b894.png
317,Charlock,65e262a6d.png
318,Loose Silky-bent,65e97117e.png
319,Small-flowered Cranesbill,664194d19.png
320,Fat Hen,6680836dd.png
321,Charlock,668c1007c.png
322,Charlock,66ab0e8d0.png
323,Small-flowered Cranesbill,67ce3eaa6.png
324,Small-flowered Cranesbill,67e185673.png
325,Loose Silky-bent,686dc7ec8.png
326,Common Chickweed,6908fb540.png
327,Small-flowered Cranesbill,6982a9d30.png
328,Sugar beet,699d3c707.png
329,Charlock,69d1669f8.png
330,Scentless Mayweed,6a41bf95b.png
331,Loose Silky-bent,6a47821f9.png
332,Loose Silky-bent,6b721f68e.png
333,Loose Silky-bent,6b9d6f8c9.png
334,Scentless Mayweed,6ba4ef411.png
335,Charlock,6bce55e05.png
336,Charlock,6be169e41.png
337,Loose Silky-bent,6c874918c.png
338,Small-flowered Cranesbill,6d6eb3830.png
339,Fat Hen,6da892be6.png
340,Common Chickweed,6dd095129.png
341,Charlock,6df8e31ea.png
342,Sugar beet,6edb96d45.png
343,Small-flowered Cranesbill,6edc76e7c.png
344,Common Chickweed,711b46fba.png
345,Maize,71334c634.png
346,Loose Silky-bent,71b232519.png
347,Sugar beet,71e73a8a0.png
348,Loose Silky-bent,71f5323c5.png
349,Loose Silky-bent,721b2c47a.png
350,Loose Silky-bent,721be0a4a.png
351,Charlock,728eabae1.png
352,Fat Hen,73260a4ee.png
353,Loose Silky-bent,74068643d.png
354,Black-grass,74d810f87.png
355,Common Chickweed,74fd477eb.png
356,Sugar beet,7506c0c02.png
357,Small-flowered Cranesbill,754b1adf8.png
358,Common Chickweed,756dd5070.png
359,Charlock,75cb95e91.png
360,Sugar beet,7615e52d3.png
361,Loose Silky-bent,76555b064.png
362,Small-flowered Cranesbill,7691014a1.png
363,Loose Silky-bent,7696badea.png
364,Loose Silky-bent,76dbd1054.png
365,Common Chickweed,770a265f5.png
366,Small-flowered Cranesbill,77ccb8b2a.png
367,Loose Silky-bent,780bd2a2c.png
368,Common Chickweed,780defa2e.png
369,Common Chickweed,785a73ab8.png
370,Charlock,78750e0ff.png
371,Sugar beet,78b1bf91a.png
372,Sugar beet,78c5fba1d.png
373,Loose Silky-bent,79d93bc96.png
374,Loose Silky-bent,79e5ea8fa.png
375,Common Chickweed,79fba50db.png
376,Charlock,7a38416be.png
377,Sugar beet,7b21ba6ba.png
378,Sugar beet,7b52585da.png
379,Maize,7beb2766f.png
380,Loose Silky-bent,7c85b0265.png
381,Loose Silky-bent,7cabd68cc.png
382,Sugar beet,7d22abf91.png
383,Sugar beet,7d3045fc3.png
384,Common Chickweed,7d4cd07ad.png
385,Common Chickweed,7e9cf1c46.png
386,Loose Silky-bent,7f31c7f42.png
387,Fat Hen,7f46a71db.png
388,Common Chickweed,7f9e9565d.png
389,Maize,7fdb7202d.png
390,Fat Hen,800a8c17e.png
391,Common Chickweed,808cf55c6.png
392,Charlock,809eb0b82.png
393,Cleavers,80e299ae9.png
394,Common Chickweed,8104422bb.png
395,Maize,8170d33c1.png
396,Sugar beet,824f5d4e5.png
397,Scentless Mayweed,827279bad.png
398,Common Chickweed,82b5f4d33.png
399,Charlock,8301b0547.png
400,Loose Silky-bent,8303b27ed.png
401,Fat Hen,8311740de.png
402,Small-flowered Cranesbill,835dc5447.png
403,Scentless Mayweed,837ac0270.png
404,Loose Silky-bent,8455169fe.png
405,Loose Silky-bent,851c90831.png
406,Loose Silky-bent,85431c075.png
407,Small-flowered Cranesbill,855955aaf.png
408,Black-grass,8585f9718.png
409,Fat Hen,862b8e7a0.png
410,Loose Silky-bent,86676d627.png
411,Maize,866be78b0.png
412,Fat Hen,86c309150.png
413,Loose Silky-bent,86f08e6d1.png
414,Charlock,87608f7aa.png
415,Common Chickweed,87f627bf9.png
416,Sugar beet,8874bba69.png
417,Loose Silky-bent,88ac6df54.png
418,Fat Hen,88d8a4508.png
419,Sugar beet,8916793ce.png
420,Scentless Mayweed,892e9d6c6.png
421,Cleavers,897e5a8de.png
422,Sugar beet,8a30b2de3.png
423,Small-flowered Cranesbill,8a32d0bfa.png
424,Loose Silky-bent,8a4d3a1b1.png
425,Fat Hen,8ab8a958b.png
426,Small-flowered Cranesbill,8b043093d.png
427,Small-flowered Cranesbill,8b27bfd2b.png
428,Common Chickweed,8b9144917.png
429,Loose Silky-bent,8bc0261c9.png
430,Loose Silky-bent,8c98a6e9b.png
431,Fat Hen,8c9953903.png
432,Loose Silky-bent,8ca6140ca.png
433,Common Chickweed,8cf2e3e6c.png
434,Charlock,8cf909eb3.png
435,Scentless Mayweed,8cfd98117.png
436,Loose Silky-bent,8d6991365.png
437,Common Chickweed,8d6acbe9b.png
438,Common Chickweed,8db450ce3.png
439,Fat Hen,8dbb8e1b9.png
440,Common Chickweed,8e29abce1.png
441,Loose Silky-bent,8e2e5604e.png
442,Common Chickweed,8e4eaeec0.png
443,Small-flowered Cranesbill,8e6ec1ca6.png
444,Sugar beet,8ece6efec.png
445,Shepherds Purse,8f523520c.png
446,Loose Silky-bent,8faadb6a8.png
447,Common Chickweed,90b595f12.png
448,Common Chickweed,90d119d25.png
449,Charlock,91e469b4a.png
450,Common Chickweed,92292055d.png
451,Fat Hen,93079d970.png
452,Common Chickweed,9326bda1b.png
453,Small-flowered Cranesbill,93d76fd5d.png
454,Cleavers,948cdb277.png
455,Black-grass,9516e56c4.png
456,Scentless Mayweed,953496deb.png
457,Charlock,958bb9e96.png
458,Loose Silky-bent,963544aa0.png
459,Loose Silky-bent,966ae5ad9.png
460,Common Chickweed,969a851be.png
461,Small-flowered Cranesbill,96ecad7a1.png
462,Sugar beet,96f14d90c.png
463,Loose Silky-bent,974959ec1.png
464,Common Chickweed,976e4e079.png
465,Scentless Mayweed,97844bfd5.png
466,Small-flowered Cranesbill,97b2f0a10.png
467,Common Chickweed,98062cd87.png
468,Common Chickweed,98d819587.png
469,Loose Silky-bent,98da6ef4e.png
470,Loose Silky-bent,99036c51d.png
471,Fat Hen,99569b224.png
472,Black-grass,995c7ab1e.png
473,Loose Silky-bent,9a3f20121.png
474,Loose Silky-bent,9aa5587fe.png
475,Charlock,9b4800b42.png
476,Loose Silky-bent,9baf94467.png
477,Loose Silky-bent,9c0c5b731.png
478,Fat Hen,9c32a797e.png
479,Maize,9c777333d.png
480,Loose Silky-bent,9c8b08a24.png
481,Loose Silky-bent,9cce7328c.png
482,Fat Hen,9d3cb4745.png
483,Small-flowered Cranesbill,9d79a1f0c.png
484,Small-flowered Cranesbill,9df3275da.png
485,Loose Silky-bent,9fab816f2.png
486,Maize,a006a475c.png
487,Maize,a060c1cf8.png
488,Loose Silky-bent,a0b393945.png
489,Small-flowered Cranesbill,a0f37c726.png
490,Charlock,a169b71e7.png
491,Cleavers,a19c3faca.png
492,Maize,a1da8be3c.png
493,Loose Silky-bent,a254d71f6.png
494,Loose Silky-bent,a276c65f7.png
495,Small-flowered Cranesbill,a2b703e21.png
496,Charlock,a2c89c367.png
497,Common Chickweed,a2d25b4f3.png
498,Common Chickweed,a35fd6fbb.png
499,Small-flowered Cranesbill,a38b8a581.png
500,Loose Silky-bent,a3b375b34.png
501,Loose Silky-bent,a3d0031fd.png
502,Loose Silky-bent,a4b61a4ea.png
503,Common Chickweed,a544fc46d.png
504,Common Chickweed,a55d26a4c.png
505,Common Chickweed,a5db42f7d.png
506,Common Chickweed,a74bf916d.png
507,Common Chickweed,a74d475c2.png
508,Loose Silky-bent,a7bd7cadb.png
509,Sugar beet,a800caead.png
510,Fat Hen,a8388a37f.png
511,Common Chickweed,a85b48a95.png
512,Small-flowered Cranesbill,a85fc8c9a.png
513,Charlock,a890ac088.png
514,Scentless Mayweed,a8b431a3e.png
515,Common Chickweed,a8c8a1db0.png
516,Charlock,a8da9c08d.png
517,Loose Silky-bent,a8de7c1b7.png
518,Loose Silky-bent,a935ca110.png
519,Common Chickweed,a93f940d6.png
520,Loose Silky-bent,a9d2eab61.png
521,Common Chickweed,aa7d098d1.png
522,Charlock,aad8375e0.png
523,Loose Silky-bent,aaf4da98f.png
524,Loose Silky-bent,ab0f67743.png
525,Cleavers,ab35453cb.png
526,Fat Hen,abc331628.png
527,Common Chickweed,ac3193f78.png
528,Loose Silky-bent,ac75d3326.png
529,Loose Silky-bent,acdb75e00.png
530,Common Chickweed,ace8761dd.png
531,Loose Silky-bent,ad12382d4.png
532,Loose Silky-bent,adb7a032c.png
533,Common Chickweed,ae90f2827.png
534,Common Chickweed,aecfaed64.png
535,Loose Silky-bent,aee6fa3df.png
536,Scentless Mayweed,af45e222a.png
537,Small-flowered Cranesbill,afa446484.png
538,Small-flowered Cranesbill,afcf6abd5.png
539,Loose Silky-bent,b026bf8ca.png
540,Loose Silky-bent,b03397525.png
541,Loose Silky-bent,b0acaff4a.png
542,Cleavers,b130a0632.png
543,Scentless Mayweed,b145ba9d4.png
544,Scentless Mayweed,b215531dd.png
545,Loose Silky-bent,b2706e2b3.png
546,Loose Silky-bent,b29339405.png
547,Shepherds Purse,b30ab4659.png
548,Common Chickweed,b31292706.png
549,Common Chickweed,b341d0aab.png
550,Maize,b39c71707.png
551,Common Chickweed,b3d6fdb80.png
552,Fat Hen,b3e08b037.png
553,Common Chickweed,b47691c08.png
554,Maize,b4c3df835.png
555,Loose Silky-bent,b4f7c9214.png
556,Loose Silky-bent,b573b7a56.png
557,Loose Silky-bent,b5c7fd009.png
558,Fat Hen,b62dca166.png
559,Small-flowered Cranesbill,b687160f5.png
560,Loose Silky-bent,b6a3f7876.png
561,Loose Silky-bent,b7192c70f.png
562,Loose Silky-bent,b7a7f6390.png
563,Small-flowered Cranesbill,b7ad92859.png
564,Maize,b828443ff.png
565,Common Chickweed,b9062c1c8.png
566,Loose Silky-bent,b944a49ca.png
567,Scentless Mayweed,b98327bf4.png
568,Loose Silky-bent,ba3ce6b3e.png
569,Fat Hen,bb1c84bbc.png
570,Charlock,bb1d1bfd3.png
571,Common Chickweed,bb20fce02.png
572,Sugar beet,bb64660b7.png
573,Loose Silky-bent,bb7621cb3.png
574,Scentless Mayweed,bd72d4d8a.png
575,Common Chickweed,bd789d151.png
576,Scentless Mayweed,bdde957ec.png
577,Black-grass,be2499cf4.png
578,Common Chickweed,bea23d9f8.png
579,Scentless Mayweed,bebcaab66.png
580,Common Chickweed,beebe5f4e.png
581,Common Chickweed,bf3924a57.png
582,Maize,bf66b9cd2.png
583,Sugar beet,bfab3e3d0.png
584,Fat Hen,bffc08672.png
585,Common Chickweed,c0461776c.png
586,Fat Hen,c069fc3fa.png
587,Scentless Mayweed,c06e7c748.png
588,Maize,c0bc3997b.png
589,Small-flowered Cranesbill,c0d9e170b.png
590,Loose Silky-bent,c0f5d9ac8.png
591,Common Chickweed,c10ccbd82.png
592,Maize,c10db7ae2.png
593,Loose Silky-bent,c1ecff98b.png
594,Common Chickweed,c26ccf73c.png
595,Sugar beet,c35efa095.png
596,Charlock,c4ed8ed38.png
597,Loose Silky-bent,c50335991.png
598,Loose Silky-bent,c5078bac5.png
599,Common Chickweed,c5e419015.png
600,Common Chickweed,c5e88cd42.png
601,Loose Silky-bent,c60e91e07.png
602,Fat Hen,c63da993b.png
603,Sugar beet,c64370a72.png
604,Cleavers,c6b76307d.png
605,Loose Silky-bent,c6c8d4ba0.png
606,Common Chickweed,c7051c902.png
607,Common Chickweed,c74c5b7fc.png
608,Common Chickweed,c75a82234.png
609,Scentless Mayweed,c7ae30f3a.png
610,Loose Silky-bent,c7b07431e.png
611,Loose Silky-bent,c7eb96871.png
612,Small-flowered Cranesbill,675ec1b0b.png
613,Common Chickweed,6db684fff.png
614,Small-flowered Cranesbill,752101fdf.png
615,Loose Silky-bent,79dafec17.png
616,Charlock,808578ed5.png
617,Small-flowered Cranesbill,856f2910a.png
618,Cleavers,8a8d6c712.png
619,Small-flowered Cranesbill,8e3ed0a25.png
620,Charlock,9643fc5f4.png
621,Black-grass,9b9911f20.png
622,Cleavers,a1e0a6c02.png
623,Loose Silky-bent,a83820a2c.png
624,Common Chickweed,abf8b0772.png
625,Cleavers,b1cd2a91e.png
626,Common Chickweed,b6f3d8b5d.png
627,Loose Silky-bent,be341dbdc.png
628,Small-flowered Cranesbill,c2de6020a.png
629,Loose Silky-bent,c832e4302.png
630,Scentless Mayweed,cec5bf198.png
631,Maize,d350a25fa.png
632,Charlock,da4ed3a28.png
633,Black-grass,e14afa235.png
634,Loose Silky-bent,e5e3dccff.png
635,Cleavers,ede6b84b4.png
636,Loose Silky-bent,f351ce097.png
637,Cleavers,fa9f3a8f9.png
638,Common Chickweed,c85ef220d.png
639,Small-flowered Cranesbill,c88ebfb47.png
640,Loose Silky-bent,c8f50f0c3.png
641,Common Chickweed,caa2fbd79.png
642,Common Chickweed,cadab6616.png
643,Charlock,cae684f8f.png
644,Loose Silky-bent,cb496f36e.png
645,Black-grass,cb76a7766.png
646,Maize,cbba27d89.png
647,Charlock,cbe761896.png
648,Sugar beet,cc3d2a59a.png
649,Black-grass,cc74feadc.png
650,Small-flowered Cranesbill,cd5f0db1c.png
651,Small-flowered Cranesbill,cd6adba97.png
652,Scentless Mayweed,ce15eee52.png
653,Common Chickweed,ce3d280eb.png
654,Loose Silky-bent,ce42adffb.png
655,Sugar beet,cf3a8b2fd.png
656,Common Chickweed,cf46d09c5.png
657,Maize,cf90fc52d.png
658,Maize,cfb18d262.png
659,Charlock,cfd8165e9.png
660,Fat Hen,d0152bd7c.png
661,Loose Silky-bent,d01873fdd.png
662,Loose Silky-bent,d09275360.png
663,Loose Silky-bent,d09d24c58.png
664,Loose Silky-bent,d0cdc768f.png
665,Common Chickweed,d102e1a15.png
666,Loose Silky-bent,d14aa43f3.png
667,Scentless Mayweed,d17f48d3b.png
668,Scentless Mayweed,d2f0f326e.png
669,Common Chickweed,d2f422ccb.png
670,Loose Silky-bent,d2fd9df40.png
671,Loose Silky-bent,d3331e071.png
672,Common Chickweed,d41d87796.png
673,Common wheat,d488a4fe1.png
674,Black-grass,d515398fd.png
675,Fat Hen,d563be369.png
676,Common Chickweed,d5f7dd60a.png
677,Fat Hen,d668409ff.png
678,Fat Hen,d689256be.png
679,Small-flowered Cranesbill,d6c8c3c48.png
680,Sugar beet,d6d31dcbe.png
681,Sugar beet,d6d80a321.png
682,Fat Hen,d7017f701.png
683,Common Chickweed,d84d37a61.png
684,Small-flowered Cranesbill,d89db156f.png
685,Common Chickweed,d8f4923f8.png
686,Loose Silky-bent,d93c7ab6d.png
687,Sugar beet,d9c50616e.png
688,Common Chickweed,da231c97f.png
689,Common Chickweed,da5255450.png
690,Loose Silky-bent,da713c465.png
691,Charlock,da9ef7858.png
692,Small-flowered Cranesbill,dabe3e5be.png
693,Loose Silky-bent,dabea05f4.png
694,Loose Silky-bent,dc4cd56a3.png
695,Loose Silky-bent,dc55449b2.png
696,Loose Silky-bent,dcd7ff249.png
697,Common Chickweed,dce2f6612.png
698,Black-grass,dd5ec63d9.png
699,Small-flowered Cranesbill,dd9f36df7.png
700,Fat Hen,de0b79659.png
701,Sugar beet,df11d56a7.png
702,Loose Silky-bent,df521c0c0.png
703,Sugar beet,df7cb5f87.png
704,Loose Silky-bent,dfb1d9012.png
705,Fat Hen,e0ec5b6a1.png
706,Common Chickweed,e15472085.png
707,Common Chickweed,e15fce4f2.png
708,Fat Hen,e1809cef2.png
709,Charlock,e19673dc9.png
710,Fat Hen,e19ad6ac9.png
711,Loose Silky-bent,e1a0e3202.png
712,Sugar beet,e1abb4ff9.png
713,Cleavers,e3f50adfc.png
714,Charlock,e471f1d3a.png
715,Loose Silky-bent,e478c452c.png
716,Maize,e4a76885b.png
717,Loose Silky-bent,e4d5ec761.png
718,Loose Silky-bent,e5064f6be.png
719,Fat Hen,e52493d0b.png
720,Loose Silky-bent,e5297b675.png
721,Common Chickweed,e5368474f.png
722,Loose Silky-bent,e5881dd33.png
723,Fat Hen,e6f1211a2.png
724,Common Chickweed,e7077322d.png
725,Loose Silky-bent,e721c6ac8.png
726,Loose Silky-bent,e73e308be.png
727,Common Chickweed,e783f5a4f.png
728,Common Chickweed,e80a259c5.png
729,Loose Silky-bent,e82017baa.png
730,Cleavers,e84464f5a.png
731,Small-flowered Cranesbill,e88bf0db9.png
732,Loose Silky-bent,e901b0f28.png
733,Fat Hen,e921021a8.png
734,Common Chickweed,e96e57a90.png
735,Loose Silky-bent,e98e5d1d5.png
736,Common Chickweed,e9cd91682.png
737,Shepherds Purse,e9d48d664.png
738,Small-flowered Cranesbill,eaf0815e2.png
739,Common Chickweed,ec08a5d56.png
740,Sugar beet,edfdb4aeb.png
741,Charlock,eec1079a1.png
742,Loose Silky-bent,eef131644.png
743,Fat Hen,ef02b4ee7.png
744,Common Chickweed,ef3e232ad.png
745,Loose Silky-bent,ef65533d5.png
746,Scentless Mayweed,ef74dbcad.png
747,Scentless Mayweed,ef7a5651d.png
748,Charlock,ef9676433.png
749,Charlock,efe19dc32.png
750,Common Chickweed,f0ffa00bd.png
751,Loose Silky-bent,f1e87cba7.png
752,Common Chickweed,f1f7c833f.png
753,Loose Silky-bent,f23faf9c1.png
754,Small-flowered Cranesbill,f25996db8.png
755,Cleavers,f2dc546ca.png
756,Loose Silky-bent,f33e9d918.png
757,Charlock,f3fcfff1b.png
758,Scentless Mayweed,f4021df6c.png
759,Fat Hen,f4234cf4f.png
760,Charlock,f445fe6fb.png
761,Common Chickweed,f48916a8c.png
762,Loose Silky-bent,f4ad9d950.png
763,Charlock,f4caf74f9.png
764,Fat Hen,f4e7733d4.png
765,Common Chickweed,f593c9cf0.png
766,Maize,f66ae4070.png
767,Common Chickweed,f6d250856.png
768,Common Chickweed,f8318faf1.png
769,Sugar beet,f85ed9b6d.png
770,Fat Hen,f9b6bfb00.png
771,Fat Hen,f9ea23fb5.png
772,Common Chickweed,f9f35cbd4.png
773,Common Chickweed,fa5fd1384.png
774,Charlock,fadc6adbc.png
775,Fat Hen,fb022edf9.png
776,Fat Hen,fba8fc78a.png
777,Charlock,fbf88b6be.png
778,Scentless Mayweed,fc3e58836.png
779,Fat Hen,fc6f686fb.png
780,Black-grass,fd253a74e.png
781,Loose Silky-bent,fd87b36ae.png
782,Common Chickweed,fd925f542.png
783,Fat Hen,fda0b5c38.png
784,Loose Silky-bent,fda39e16f.png
785,Black-grass,fdea6b119.png
786,Loose Silky-bent,fe29629fb.png
787,Common Chickweed,fe9e87b78.png
788,Small-flowered Cranesbill,fea1d13d6.png
789,Loose Silky-bent,fea355851.png
790,Loose Silky-bent,fea3da57c.png
791,Fat Hen,fef2ade8c.png
792,Charlock,ff65bc002.png
793,Loose Silky-bent,ffc6f8527.png
